21o3boLec9QyUhwLEJECE97bK4i5pza8CpxpRBcYEAAp	ticket#0	cowgirl winner
21o3boLec9QyUhwLEJECE97bK4i5pza8CpxpRBcYEAAp	ticket#1	cowgirl winner
21o3boLec9QyUhwLEJECE97bK4i5pza8CpxpRBcYEAAp	ticket#2	cowgirl winner
21o3boLec9QyUhwLEJECE97bK4i5pza8CpxpRBcYEAAp	ticket#3	sol_025 winner
21o3boLec9QyUhwLEJECE97bK4i5pza8CpxpRBcYEAAp	ticket#4	Try next time
21o3boLec9QyUhwLEJECE97bK4i5pza8CpxpRBcYEAAp	ticket#5	sol_025 winner
21o3boLec9QyUhwLEJECE97bK4i5pza8CpxpRBcYEAAp	ticket#6	cowgirl winner
21o3boLec9QyUhwLEJECE97bK4i5pza8CpxpRBcYEAAp	ticket#7	Try next time
21o3boLec9QyUhwLEJECE97bK4i5pza8CpxpRBcYEAAp	ticket#8	Try next time
21o3boLec9QyUhwLEJECE97bK4i5pza8CpxpRBcYEAAp	ticket#9	cowgirl winner
21o3boLec9QyUhwLEJECE97bK4i5pza8CpxpRBcYEAAp	ticket#10	sol_01 winner
21o3boLec9QyUhwLEJECE97bK4i5pza8CpxpRBcYEAAp	ticket#11	cowgirl winner
21o3boLec9QyUhwLEJECE97bK4i5pza8CpxpRBcYEAAp	ticket#12	cowgirl winner
21o3boLec9QyUhwLEJECE97bK4i5pza8CpxpRBcYEAAp	ticket#13	cowgirl winner
21o3boLec9QyUhwLEJECE97bK4i5pza8CpxpRBcYEAAp	ticket#14	cowgirl winner
21o3boLec9QyUhwLEJECE97bK4i5pza8CpxpRBcYEAAp	ticket#15	cowgirl winner
21o3boLec9QyUhwLEJECE97bK4i5pza8CpxpRBcYEAAp	ticket#16	sol_05 winner
21o3boLec9QyUhwLEJECE97bK4i5pza8CpxpRBcYEAAp	ticket#17	sol_025 winner
21o3boLec9QyUhwLEJECE97bK4i5pza8CpxpRBcYEAAp	ticket#18	Try next time
21o3boLec9QyUhwLEJECE97bK4i5pza8CpxpRBcYEAAp	ticket#19	cowgirl winner
21o3boLec9QyUhwLEJECE97bK4i5pza8CpxpRBcYEAAp	ticket#20	cowgirl winner
21o3boLec9QyUhwLEJECE97bK4i5pza8CpxpRBcYEAAp	ticket#21	cowgirl winner
21o3boLec9QyUhwLEJECE97bK4i5pza8CpxpRBcYEAAp	ticket#22	cowgirl winner
21o3boLec9QyUhwLEJECE97bK4i5pza8CpxpRBcYEAAp	ticket#23	Try next time
21o3boLec9QyUhwLEJECE97bK4i5pza8CpxpRBcYEAAp	ticket#24	Try next time
21o3boLec9QyUhwLEJECE97bK4i5pza8CpxpRBcYEAAp	ticket#25	cowgirl winner
21o3boLec9QyUhwLEJECE97bK4i5pza8CpxpRBcYEAAp	ticket#26	cowgirl winner
21o3boLec9QyUhwLEJECE97bK4i5pza8CpxpRBcYEAAp	ticket#27	Try next time
21o3boLec9QyUhwLEJECE97bK4i5pza8CpxpRBcYEAAp	ticket#28	cowgirl winner
21o3boLec9QyUhwLEJECE97bK4i5pza8CpxpRBcYEAAp	ticket#29	Try next time
21o3boLec9QyUhwLEJECE97bK4i5pza8CpxpRBcYEAAp	ticket#30	Try next time
21o3boLec9QyUhwLEJECE97bK4i5pza8CpxpRBcYEAAp	ticket#31	cowgirl winner
21o3boLec9QyUhwLEJECE97bK4i5pza8CpxpRBcYEAAp	ticket#32	cowgirl winner
21o3boLec9QyUhwLEJECE97bK4i5pza8CpxpRBcYEAAp	ticket#33	cowgirl winner
29ApfHaSjFFwVWRwQ2prUsLX7zx5ePdDAAYfZcNq4WsB	ticket#34	cowgirl winner
29hG1a6Lkv4cm6s6XTLrz5uMNYxK3ruwN8aEZtqxBWzf	ticket#35	sol_01 winner
2EvFaj53iALdHrGyDwT7dUVmDyewULhKnacjvDqVaGJ1	ticket#36	cowgirl winner
2KbbwkjNMVzV1YWLbjgPRYPJxrMycZFmzAdNGWXJYunn	ticket#37	cowgirl winner
2KbbwkjNMVzV1YWLbjgPRYPJxrMycZFmzAdNGWXJYunn	ticket#38	cowgirl winner
2KbbwkjNMVzV1YWLbjgPRYPJxrMycZFmzAdNGWXJYunn	ticket#39	Try next time
2KbbwkjNMVzV1YWLbjgPRYPJxrMycZFmzAdNGWXJYunn	ticket#40	sol_05 winner
2KbbwkjNMVzV1YWLbjgPRYPJxrMycZFmzAdNGWXJYunn	ticket#41	sol_01 winner
2KbbwkjNMVzV1YWLbjgPRYPJxrMycZFmzAdNGWXJYunn	ticket#42	Try next time
2KbbwkjNMVzV1YWLbjgPRYPJxrMycZFmzAdNGWXJYunn	ticket#43	Try next time
2KbbwkjNMVzV1YWLbjgPRYPJxrMycZFmzAdNGWXJYunn	ticket#44	Try next time
2KbbwkjNMVzV1YWLbjgPRYPJxrMycZFmzAdNGWXJYunn	ticket#45	sol_025 winner
2KbbwkjNMVzV1YWLbjgPRYPJxrMycZFmzAdNGWXJYunn	ticket#46	Try next time
2P3XqTvy54WBwkJViFknoPWb7KHtWgU1NRgZ9DmenHyi	ticket#47	cowgirl winner
2P3XqTvy54WBwkJViFknoPWb7KHtWgU1NRgZ9DmenHyi	ticket#48	cowgirl winner
2gyy7K7YuyX5UWjbux8tXDWbW5SnY4vorwmXfdoohSkG	ticket#49	Try next time
3V5NuUhFwVRE3KdADGoJV4egQvsocmFHjjgXaQZVNkdA	ticket#50	Try next time
3pTQFKAfdT2HxeSBAGDr8uQfNAw5e6vxXouXDB6P5cJ6	ticket#51	cowgirl winner
3rnomSVTkKavunMuQwF9SN9375pQEHfsWUzXmojQ9ebi	ticket#52	Try next time
3rnomSVTkKavunMuQwF9SN9375pQEHfsWUzXmojQ9ebi	ticket#53	sol_05 winner
49SpiHceDFdLZG5LnzS1EfyhEoC9gFmPP4ZbnsBTGRSH	ticket#54	Try next time
49SpiHceDFdLZG5LnzS1EfyhEoC9gFmPP4ZbnsBTGRSH	ticket#55	sol_01 winner
49SpiHceDFdLZG5LnzS1EfyhEoC9gFmPP4ZbnsBTGRSH	ticket#56	Try next time
49SpiHceDFdLZG5LnzS1EfyhEoC9gFmPP4ZbnsBTGRSH	ticket#57	Try next time
49SpiHceDFdLZG5LnzS1EfyhEoC9gFmPP4ZbnsBTGRSH	ticket#58	Try next time
49SpiHceDFdLZG5LnzS1EfyhEoC9gFmPP4ZbnsBTGRSH	ticket#59	Try next time
49aXvvKYjzutbkTE3zoiUtfdgmnroQELx8zKeHLLqeyR	ticket#60	cowgirl winner
4Cc5DqRtV9wcmPJ3keWjd68wjhDAWYvVTB1gsUiPVqmB	ticket#61	Try next time
4EWwg13pBvE5xu7WReBASRBdSxUPZufUv1Gjx9tkyLig	ticket#62	Try next time
4EWwg13pBvE5xu7WReBASRBdSxUPZufUv1Gjx9tkyLig	ticket#63	Try next time
4EWwg13pBvE5xu7WReBASRBdSxUPZufUv1Gjx9tkyLig	ticket#64	cowgirl winner
4EWwg13pBvE5xu7WReBASRBdSxUPZufUv1Gjx9tkyLig	ticket#65	cowgirl winner
4EWwg13pBvE5xu7WReBASRBdSxUPZufUv1Gjx9tkyLig	ticket#66	Try next time
4EWwg13pBvE5xu7WReBASRBdSxUPZufUv1Gjx9tkyLig	ticket#67	Try next time
4EWwg13pBvE5xu7WReBASRBdSxUPZufUv1Gjx9tkyLig	ticket#68	cowboy winner
4EWwg13pBvE5xu7WReBASRBdSxUPZufUv1Gjx9tkyLig	ticket#69	cowgirl winner
4EWwg13pBvE5xu7WReBASRBdSxUPZufUv1Gjx9tkyLig	ticket#70	Try next time
4EWwg13pBvE5xu7WReBASRBdSxUPZufUv1Gjx9tkyLig	ticket#71	cowgirl winner
4EWwg13pBvE5xu7WReBASRBdSxUPZufUv1Gjx9tkyLig	ticket#72	sol_01 winner
4EWwg13pBvE5xu7WReBASRBdSxUPZufUv1Gjx9tkyLig	ticket#73	cowgirl winner
4EWwg13pBvE5xu7WReBASRBdSxUPZufUv1Gjx9tkyLig	ticket#74	sol_01 winner
4EWwg13pBvE5xu7WReBASRBdSxUPZufUv1Gjx9tkyLig	ticket#75	cowgirl winner
4EWwg13pBvE5xu7WReBASRBdSxUPZufUv1Gjx9tkyLig	ticket#76	Try next time
4EWwg13pBvE5xu7WReBASRBdSxUPZufUv1Gjx9tkyLig	ticket#77	cowgirl winner
4EWwg13pBvE5xu7WReBASRBdSxUPZufUv1Gjx9tkyLig	ticket#78	Try next time
4EWwg13pBvE5xu7WReBASRBdSxUPZufUv1Gjx9tkyLig	ticket#79	Try next time
4EWwg13pBvE5xu7WReBASRBdSxUPZufUv1Gjx9tkyLig	ticket#80	cowgirl winner
4EWwg13pBvE5xu7WReBASRBdSxUPZufUv1Gjx9tkyLig	ticket#81	Try next time
4EWwg13pBvE5xu7WReBASRBdSxUPZufUv1Gjx9tkyLig	ticket#82	cowgirl winner
4EWwg13pBvE5xu7WReBASRBdSxUPZufUv1Gjx9tkyLig	ticket#83	Try next time
4EWwg13pBvE5xu7WReBASRBdSxUPZufUv1Gjx9tkyLig	ticket#84	Try next time
4EWwg13pBvE5xu7WReBASRBdSxUPZufUv1Gjx9tkyLig	ticket#85	cowgirl winner
4EWwg13pBvE5xu7WReBASRBdSxUPZufUv1Gjx9tkyLig	ticket#86	cowgirl winner
4EWwg13pBvE5xu7WReBASRBdSxUPZufUv1Gjx9tkyLig	ticket#87	cowgirl winner
4EWwg13pBvE5xu7WReBASRBdSxUPZufUv1Gjx9tkyLig	ticket#88	Try next time
4SDycpEMQ1SdNBfgNWXVJUqLp8XLZLWMdcupJudXYA4K	ticket#89	Try next time
4SDycpEMQ1SdNBfgNWXVJUqLp8XLZLWMdcupJudXYA4K	ticket#90	cowboy winner
4gGVmHyo9RY9WwDx3E1ByUf1xLWetn2Gqhq557aTqn6X	ticket#91	cowgirl winner
4gGVmHyo9RY9WwDx3E1ByUf1xLWetn2Gqhq557aTqn6X	ticket#92	cowgirl winner
4gGVmHyo9RY9WwDx3E1ByUf1xLWetn2Gqhq557aTqn6X	ticket#93	Try next time
4gGVmHyo9RY9WwDx3E1ByUf1xLWetn2Gqhq557aTqn6X	ticket#94	Try next time
4gGVmHyo9RY9WwDx3E1ByUf1xLWetn2Gqhq557aTqn6X	ticket#95	cowgirl winner
4gGVmHyo9RY9WwDx3E1ByUf1xLWetn2Gqhq557aTqn6X	ticket#96	cowgirl winner
4j5RXmbPizEhzs2gMhoyYPH7j8nSzc2V6SvTb1MU2xHu	ticket#97	cowgirl winner
4j5RXmbPizEhzs2gMhoyYPH7j8nSzc2V6SvTb1MU2xHu	ticket#98	Try next time
4j5RXmbPizEhzs2gMhoyYPH7j8nSzc2V6SvTb1MU2xHu	ticket#99	cowgirl winner
4vsmUyKtqyftws2QUmYPc9eevcZ7FdSWTbuX8qa2Xk1H	ticket#100	cowgirl winner
52Vnb2AFBeFXTEtSmjLVzgNGtUW6jAHAjofRcCRbExvt	ticket#101	cowgirl winner
53G56pVYiYnFxV4BhHEvbXZdS93GZ1XuLCQbLMeufKwK	ticket#102	Try next time
53G56pVYiYnFxV4BhHEvbXZdS93GZ1XuLCQbLMeufKwK	ticket#103	Try next time
53G56pVYiYnFxV4BhHEvbXZdS93GZ1XuLCQbLMeufKwK	ticket#104	Try next time
53G56pVYiYnFxV4BhHEvbXZdS93GZ1XuLCQbLMeufKwK	ticket#105	cowgirl winner
53G56pVYiYnFxV4BhHEvbXZdS93GZ1XuLCQbLMeufKwK	ticket#106	cowgirl winner
53G56pVYiYnFxV4BhHEvbXZdS93GZ1XuLCQbLMeufKwK	ticket#107	cowboy winner
53G56pVYiYnFxV4BhHEvbXZdS93GZ1XuLCQbLMeufKwK	ticket#108	Try next time
53G56pVYiYnFxV4BhHEvbXZdS93GZ1XuLCQbLMeufKwK	ticket#109	cowgirl winner
53G56pVYiYnFxV4BhHEvbXZdS93GZ1XuLCQbLMeufKwK	ticket#110	Try next time
53G56pVYiYnFxV4BhHEvbXZdS93GZ1XuLCQbLMeufKwK	ticket#111	Try next time
53G56pVYiYnFxV4BhHEvbXZdS93GZ1XuLCQbLMeufKwK	ticket#112	sol_01 winner
5TCgMnW67ByA8SoJFyF5h2A7Ho9f17qvek62nUJNS63Q	ticket#113	cowgirl winner
5eq8JYfMjLJ9PqmWkTZEzBbxTRu7JaW3QCRFB5LUqvxk	ticket#114	sol_025 winner
5eq8JYfMjLJ9PqmWkTZEzBbxTRu7JaW3QCRFB5LUqvxk	ticket#115	cowgirl winner
5eq8JYfMjLJ9PqmWkTZEzBbxTRu7JaW3QCRFB5LUqvxk	ticket#116	Try next time
5eq8JYfMjLJ9PqmWkTZEzBbxTRu7JaW3QCRFB5LUqvxk	ticket#117	cowgirl winner
5eq8JYfMjLJ9PqmWkTZEzBbxTRu7JaW3QCRFB5LUqvxk	ticket#118	Try next time
5eq8JYfMjLJ9PqmWkTZEzBbxTRu7JaW3QCRFB5LUqvxk	ticket#119	Try next time
5eq8JYfMjLJ9PqmWkTZEzBbxTRu7JaW3QCRFB5LUqvxk	ticket#120	sol_05 winner
61sGQH61zmxgcgZWXV9AkstqNeNQCDwn8UnJduj8saap	ticket#121	Try next time
6SPV28MSxpLFiT9aXdp6SBXNjLTCE6aciYDfuFZCN4Kx	ticket#122	Try next time
6Y9qwEuonStaxR6hpocgyA1RjtEviLhKctkiDimcfswE	ticket#123	cowgirl winner
6Y9qwEuonStaxR6hpocgyA1RjtEviLhKctkiDimcfswE	ticket#124	Try next time
6YVeo3Cv5SBZiGxmeNxSKymYPzn9rxjuZGvrJgVDL9Mw	ticket#125	Try next time
6mjNhdzAEbMhb4g6YAteGr3SE8V5pyDL9WheUmntUsdz	ticket#126	Try next time
6mjNhdzAEbMhb4g6YAteGr3SE8V5pyDL9WheUmntUsdz	ticket#127	Try next time
6mjNhdzAEbMhb4g6YAteGr3SE8V5pyDL9WheUmntUsdz	ticket#128	Try next time
7GkQPFQrnJ1NMdEntj7p3v7iubfvYH4CrR5V8dBfmFrf	ticket#129	cowgirl winner
7KM3NYxkSWSs5pnNscm6UEuE54QoFYN3YUbD5mLFHvL9	ticket#130	cowgirl winner
7NZfruFNLLDe6B9JEKPrQHBndB2wkfXs2pL2zEKadv7k	ticket#131	Try next time
7NZfruFNLLDe6B9JEKPrQHBndB2wkfXs2pL2zEKadv7k	ticket#132	sol_01 winner
7NZfruFNLLDe6B9JEKPrQHBndB2wkfXs2pL2zEKadv7k	ticket#133	Try next time
7NZfruFNLLDe6B9JEKPrQHBndB2wkfXs2pL2zEKadv7k	ticket#134	Try next time
7NZfruFNLLDe6B9JEKPrQHBndB2wkfXs2pL2zEKadv7k	ticket#135	cowgirl winner
7NZfruFNLLDe6B9JEKPrQHBndB2wkfXs2pL2zEKadv7k	ticket#136	cowgirl winner
7NZfruFNLLDe6B9JEKPrQHBndB2wkfXs2pL2zEKadv7k	ticket#137	cowgirl winner
7NZfruFNLLDe6B9JEKPrQHBndB2wkfXs2pL2zEKadv7k	ticket#138	Try next time
7NZfruFNLLDe6B9JEKPrQHBndB2wkfXs2pL2zEKadv7k	ticket#139	cowgirl winner
7NZfruFNLLDe6B9JEKPrQHBndB2wkfXs2pL2zEKadv7k	ticket#140	Try next time
7NZfruFNLLDe6B9JEKPrQHBndB2wkfXs2pL2zEKadv7k	ticket#141	Try next time
7NZfruFNLLDe6B9JEKPrQHBndB2wkfXs2pL2zEKadv7k	ticket#142	Try next time
7NZfruFNLLDe6B9JEKPrQHBndB2wkfXs2pL2zEKadv7k	ticket#143	sol_025 winner
7NZfruFNLLDe6B9JEKPrQHBndB2wkfXs2pL2zEKadv7k	ticket#144	Try next time
7NZfruFNLLDe6B9JEKPrQHBndB2wkfXs2pL2zEKadv7k	ticket#145	Try next time
7NZfruFNLLDe6B9JEKPrQHBndB2wkfXs2pL2zEKadv7k	ticket#146	cowboy winner
7NZfruFNLLDe6B9JEKPrQHBndB2wkfXs2pL2zEKadv7k	ticket#147	cowgirl winner
7NZfruFNLLDe6B9JEKPrQHBndB2wkfXs2pL2zEKadv7k	ticket#148	Try next time
7NZfruFNLLDe6B9JEKPrQHBndB2wkfXs2pL2zEKadv7k	ticket#149	cowgirl winner
7Y4KjRon85F3x1WCF8GoHteMdtHB3iNf5CnEAd8eTPvU	ticket#150	cowgirl winner
7gg9BHPM7DBHbfUZygWmh1fk2emDPc1kPZNK6KWYv9Ho	ticket#151	cowgirl winner
7gg9BHPM7DBHbfUZygWmh1fk2emDPc1kPZNK6KWYv9Ho	ticket#152	Try next time
7gg9BHPM7DBHbfUZygWmh1fk2emDPc1kPZNK6KWYv9Ho	ticket#153	sol_025 winner
7gg9BHPM7DBHbfUZygWmh1fk2emDPc1kPZNK6KWYv9Ho	ticket#154	Try next time
7gg9BHPM7DBHbfUZygWmh1fk2emDPc1kPZNK6KWYv9Ho	ticket#155	cowgirl winner
7gg9BHPM7DBHbfUZygWmh1fk2emDPc1kPZNK6KWYv9Ho	ticket#156	cowgirl winner
7gg9BHPM7DBHbfUZygWmh1fk2emDPc1kPZNK6KWYv9Ho	ticket#157	cowgirl winner
7gg9BHPM7DBHbfUZygWmh1fk2emDPc1kPZNK6KWYv9Ho	ticket#158	sol_025 winner
7gg9BHPM7DBHbfUZygWmh1fk2emDPc1kPZNK6KWYv9Ho	ticket#159	cowgirl winner
7gg9BHPM7DBHbfUZygWmh1fk2emDPc1kPZNK6KWYv9Ho	ticket#160	Try next time
7gg9BHPM7DBHbfUZygWmh1fk2emDPc1kPZNK6KWYv9Ho	ticket#161	cowgirl winner
7qeqyJhsWLN3XC28jqnraQsoeDvNQB83LnQg3w1fa5LS	ticket#162	Try next time
7qeqyJhsWLN3XC28jqnraQsoeDvNQB83LnQg3w1fa5LS	ticket#163	sol_025 winner
7qeqyJhsWLN3XC28jqnraQsoeDvNQB83LnQg3w1fa5LS	ticket#164	Try next time
7qeqyJhsWLN3XC28jqnraQsoeDvNQB83LnQg3w1fa5LS	ticket#165	sol_01 winner
7tamXEV7tnxfavXfFMvWQK1W1DWsHJLxKZsLj7XczWQC	ticket#166	cowboy winner
7tamXEV7tnxfavXfFMvWQK1W1DWsHJLxKZsLj7XczWQC	ticket#167	Try next time
7tamXEV7tnxfavXfFMvWQK1W1DWsHJLxKZsLj7XczWQC	ticket#168	Try next time
7tamXEV7tnxfavXfFMvWQK1W1DWsHJLxKZsLj7XczWQC	ticket#169	cowgirl winner
7tamXEV7tnxfavXfFMvWQK1W1DWsHJLxKZsLj7XczWQC	ticket#170	cowgirl winner
7tamXEV7tnxfavXfFMvWQK1W1DWsHJLxKZsLj7XczWQC	ticket#171	cowgirl winner
7tamXEV7tnxfavXfFMvWQK1W1DWsHJLxKZsLj7XczWQC	ticket#172	cowgirl winner
7tamXEV7tnxfavXfFMvWQK1W1DWsHJLxKZsLj7XczWQC	ticket#173	cowgirl winner
7tamXEV7tnxfavXfFMvWQK1W1DWsHJLxKZsLj7XczWQC	ticket#174	cowgirl winner
7tamXEV7tnxfavXfFMvWQK1W1DWsHJLxKZsLj7XczWQC	ticket#175	Try next time
8Zg8faKnVHoTzZYF8ZKNt5pa8FJF4pAEUfR9VU3Myucr	ticket#176	Try next time
8iwiaUksbisofPaewqKMDhPbRvo3yWXffMXpE69fgWi2	ticket#177	sol_05 winner
8yX5RS5Q4adfPqSMMUgA8dtpif9MNsMkgfW4Km2KQYwc	ticket#178	sol_01 winner
8yX5RS5Q4adfPqSMMUgA8dtpif9MNsMkgfW4Km2KQYwc	ticket#179	Try next time
8yX5RS5Q4adfPqSMMUgA8dtpif9MNsMkgfW4Km2KQYwc	ticket#180	cowgirl winner
8yX5RS5Q4adfPqSMMUgA8dtpif9MNsMkgfW4Km2KQYwc	ticket#181	cowgirl winner
9WMHbunfB3NbyfLX4SMDM881R2xw2sZ9B5RQWkJcYNBV	ticket#182	cowgirl winner
9WMHbunfB3NbyfLX4SMDM881R2xw2sZ9B5RQWkJcYNBV	ticket#183	cowgirl winner
9WMHbunfB3NbyfLX4SMDM881R2xw2sZ9B5RQWkJcYNBV	ticket#184	cowgirl winner
9YiLu54LPcS3GUUF8sGyy61hc4ztwg2muPm9PLYumhgM	ticket#185	cowgirl winner
9YiLu54LPcS3GUUF8sGyy61hc4ztwg2muPm9PLYumhgM	ticket#186	cowgirl winner
9YiLu54LPcS3GUUF8sGyy61hc4ztwg2muPm9PLYumhgM	ticket#187	Try next time
9YiLu54LPcS3GUUF8sGyy61hc4ztwg2muPm9PLYumhgM	ticket#188	cowgirl winner
9xtrLnXA5rf8wmqmm5NDNHzFvaGpLQagGsj5n7SMXvRa	ticket#189	cowgirl winner
9xtrLnXA5rf8wmqmm5NDNHzFvaGpLQagGsj5n7SMXvRa	ticket#190	Try next time
9xtrLnXA5rf8wmqmm5NDNHzFvaGpLQagGsj5n7SMXvRa	ticket#191	cowgirl winner
9xtrLnXA5rf8wmqmm5NDNHzFvaGpLQagGsj5n7SMXvRa	ticket#192	sol_01 winner
9xtrLnXA5rf8wmqmm5NDNHzFvaGpLQagGsj5n7SMXvRa	ticket#193	cowgirl winner
9xtrLnXA5rf8wmqmm5NDNHzFvaGpLQagGsj5n7SMXvRa	ticket#194	cowgirl winner
9xtrLnXA5rf8wmqmm5NDNHzFvaGpLQagGsj5n7SMXvRa	ticket#195	cowgirl winner
9xtrLnXA5rf8wmqmm5NDNHzFvaGpLQagGsj5n7SMXvRa	ticket#196	sol_01 winner
AkbANSKbAadCTn6R6AwTQHijau3VCHiW3mxuTHPgm2pZ	ticket#197	sol_01 winner
AkbANSKbAadCTn6R6AwTQHijau3VCHiW3mxuTHPgm2pZ	ticket#198	cowgirl winner
AkbANSKbAadCTn6R6AwTQHijau3VCHiW3mxuTHPgm2pZ	ticket#199	sol_025 winner
AkbANSKbAadCTn6R6AwTQHijau3VCHiW3mxuTHPgm2pZ	ticket#200	cowboy winner
AkbANSKbAadCTn6R6AwTQHijau3VCHiW3mxuTHPgm2pZ	ticket#201	cowgirl winner
AkbANSKbAadCTn6R6AwTQHijau3VCHiW3mxuTHPgm2pZ	ticket#202	sol_01 winner
AkbANSKbAadCTn6R6AwTQHijau3VCHiW3mxuTHPgm2pZ	ticket#203	Try next time
Amuz9ahYzXtq7xa1W9FcMefwWSq7S6hgmYKWFtkFHpQZ	ticket#204	Try next time
Amuz9ahYzXtq7xa1W9FcMefwWSq7S6hgmYKWFtkFHpQZ	ticket#205	sol_01 winner
B4waD7WeVbhmwMFK652wNNpQ3LWutJpxi6GwAKFVXSES	ticket#206	cowgirl winner
B4waD7WeVbhmwMFK652wNNpQ3LWutJpxi6GwAKFVXSES	ticket#207	Try next time
B4waD7WeVbhmwMFK652wNNpQ3LWutJpxi6GwAKFVXSES	ticket#208	cowgirl winner
B4waD7WeVbhmwMFK652wNNpQ3LWutJpxi6GwAKFVXSES	ticket#209	sol_025 winner
B4waD7WeVbhmwMFK652wNNpQ3LWutJpxi6GwAKFVXSES	ticket#210	cowgirl winner
B4waD7WeVbhmwMFK652wNNpQ3LWutJpxi6GwAKFVXSES	ticket#211	Try next time
B4waD7WeVbhmwMFK652wNNpQ3LWutJpxi6GwAKFVXSES	ticket#212	cowgirl winner
B4waD7WeVbhmwMFK652wNNpQ3LWutJpxi6GwAKFVXSES	ticket#213	cowgirl winner
B4waD7WeVbhmwMFK652wNNpQ3LWutJpxi6GwAKFVXSES	ticket#214	cowgirl winner
BQkBpysMnYuEFVM5AKrSM7pqMnFzfGM5MFVRDfxAEUtb	ticket#215	cowgirl winner
BemhYECCXhT7oP92dAm7sgd4tjgWEZPtikaAcfacNSnv	ticket#216	cowgirl winner
BemhYECCXhT7oP92dAm7sgd4tjgWEZPtikaAcfacNSnv	ticket#217	cowgirl winner
BemhYECCXhT7oP92dAm7sgd4tjgWEZPtikaAcfacNSnv	ticket#218	sol_01 winner
BemhYECCXhT7oP92dAm7sgd4tjgWEZPtikaAcfacNSnv	ticket#219	sol_025 winner
BemhYECCXhT7oP92dAm7sgd4tjgWEZPtikaAcfacNSnv	ticket#220	Try next time
BemhYECCXhT7oP92dAm7sgd4tjgWEZPtikaAcfacNSnv	ticket#221	cowgirl winner
BemhYECCXhT7oP92dAm7sgd4tjgWEZPtikaAcfacNSnv	ticket#222	Try next time
BfiX9gHJcZWHET2ju3mwBPYqKX8hXUTWM23QX8rP13fQ	ticket#223	cowgirl winner
BfiX9gHJcZWHET2ju3mwBPYqKX8hXUTWM23QX8rP13fQ	ticket#224	Try next time
Boqbhx2peTwHm3G9xaCgzovA8iCgNsNvu3R7FuTvMUwV	ticket#225	sol_05 winner
Boqbhx2peTwHm3G9xaCgzovA8iCgNsNvu3R7FuTvMUwV	ticket#226	Try next time
Boqbhx2peTwHm3G9xaCgzovA8iCgNsNvu3R7FuTvMUwV	ticket#227	Try next time
Boqbhx2peTwHm3G9xaCgzovA8iCgNsNvu3R7FuTvMUwV	ticket#228	Try next time
Boqbhx2peTwHm3G9xaCgzovA8iCgNsNvu3R7FuTvMUwV	ticket#229	cowgirl winner
Boqbhx2peTwHm3G9xaCgzovA8iCgNsNvu3R7FuTvMUwV	ticket#230	cowgirl winner
Boqbhx2peTwHm3G9xaCgzovA8iCgNsNvu3R7FuTvMUwV	ticket#231	sol_01 winner
Boqbhx2peTwHm3G9xaCgzovA8iCgNsNvu3R7FuTvMUwV	ticket#232	cowgirl winner
Boqbhx2peTwHm3G9xaCgzovA8iCgNsNvu3R7FuTvMUwV	ticket#233	cowgirl winner
Boqbhx2peTwHm3G9xaCgzovA8iCgNsNvu3R7FuTvMUwV	ticket#234	cowgirl winner
Boqbhx2peTwHm3G9xaCgzovA8iCgNsNvu3R7FuTvMUwV	ticket#235	cowgirl winner
Boqbhx2peTwHm3G9xaCgzovA8iCgNsNvu3R7FuTvMUwV	ticket#236	cowgirl winner
Boqbhx2peTwHm3G9xaCgzovA8iCgNsNvu3R7FuTvMUwV	ticket#237	sol_01 winner
Boqbhx2peTwHm3G9xaCgzovA8iCgNsNvu3R7FuTvMUwV	ticket#238	cowgirl winner
BuxeaLAjgK7my4AiNaAECyQw2NBymzADnR13sMzf9oYs	ticket#239	Try next time
BuxeaLAjgK7my4AiNaAECyQw2NBymzADnR13sMzf9oYs	ticket#240	sol_025 winner
BuxeaLAjgK7my4AiNaAECyQw2NBymzADnR13sMzf9oYs	ticket#241	cowgirl winner
C6sGSMxjabhjgpr4JL9rR9ngSncFzEwEMQ6vV8wmk5yu	ticket#242	Try next time
CHjoPDBtVBgdCHADKRYV3GPZ5u1ZDJnnW1mD1q1beKGS	ticket#243	cowgirl winner
CHjoPDBtVBgdCHADKRYV3GPZ5u1ZDJnnW1mD1q1beKGS	ticket#244	Try next time
CHjoPDBtVBgdCHADKRYV3GPZ5u1ZDJnnW1mD1q1beKGS	ticket#245	sol_01 winner
CHjoPDBtVBgdCHADKRYV3GPZ5u1ZDJnnW1mD1q1beKGS	ticket#246	cowgirl winner
CHjoPDBtVBgdCHADKRYV3GPZ5u1ZDJnnW1mD1q1beKGS	ticket#247	cowgirl winner
CHjoPDBtVBgdCHADKRYV3GPZ5u1ZDJnnW1mD1q1beKGS	ticket#248	sol_05 winner
CHjoPDBtVBgdCHADKRYV3GPZ5u1ZDJnnW1mD1q1beKGS	ticket#249	cowgirl winner
CHjoPDBtVBgdCHADKRYV3GPZ5u1ZDJnnW1mD1q1beKGS	ticket#250	Try next time
CHjoPDBtVBgdCHADKRYV3GPZ5u1ZDJnnW1mD1q1beKGS	ticket#251	Try next time
CQc8pqvh2RUy6FTy3pP7dMgR7o5Jy65KYVQUCrQ85HHR	ticket#252	sol_025 winner
CQc8pqvh2RUy6FTy3pP7dMgR7o5Jy65KYVQUCrQ85HHR	ticket#253	Try next time
CQc8pqvh2RUy6FTy3pP7dMgR7o5Jy65KYVQUCrQ85HHR	ticket#254	cowgirl winner
CQc8pqvh2RUy6FTy3pP7dMgR7o5Jy65KYVQUCrQ85HHR	ticket#255	Try next time
CQc8pqvh2RUy6FTy3pP7dMgR7o5Jy65KYVQUCrQ85HHR	ticket#256	cowgirl winner
CQc8pqvh2RUy6FTy3pP7dMgR7o5Jy65KYVQUCrQ85HHR	ticket#257	sol_05 winner
CQc8pqvh2RUy6FTy3pP7dMgR7o5Jy65KYVQUCrQ85HHR	ticket#258	Try next time
CQc8pqvh2RUy6FTy3pP7dMgR7o5Jy65KYVQUCrQ85HHR	ticket#259	cowgirl winner
CQc8pqvh2RUy6FTy3pP7dMgR7o5Jy65KYVQUCrQ85HHR	ticket#260	cowgirl winner
CQc8pqvh2RUy6FTy3pP7dMgR7o5Jy65KYVQUCrQ85HHR	ticket#261	cowgirl winner
CQc8pqvh2RUy6FTy3pP7dMgR7o5Jy65KYVQUCrQ85HHR	ticket#262	cowgirl winner
CQc8pqvh2RUy6FTy3pP7dMgR7o5Jy65KYVQUCrQ85HHR	ticket#263	Try next time
CcbaRNubgiMwAYjjUBzseuhkJRDFfM7uCbqk4QJKvw2D	ticket#264	sol_05 winner
CcbaRNubgiMwAYjjUBzseuhkJRDFfM7uCbqk4QJKvw2D	ticket#265	Try next time
CcbaRNubgiMwAYjjUBzseuhkJRDFfM7uCbqk4QJKvw2D	ticket#266	cowgirl winner
CcbaRNubgiMwAYjjUBzseuhkJRDFfM7uCbqk4QJKvw2D	ticket#267	cowgirl winner
CcbaRNubgiMwAYjjUBzseuhkJRDFfM7uCbqk4QJKvw2D	ticket#268	sol_01 winner
CcbaRNubgiMwAYjjUBzseuhkJRDFfM7uCbqk4QJKvw2D	ticket#269	Try next time
CcbaRNubgiMwAYjjUBzseuhkJRDFfM7uCbqk4QJKvw2D	ticket#270	cowgirl winner
CcbaRNubgiMwAYjjUBzseuhkJRDFfM7uCbqk4QJKvw2D	ticket#271	Try next time
CcbaRNubgiMwAYjjUBzseuhkJRDFfM7uCbqk4QJKvw2D	ticket#272	cowgirl winner
ChXNFhuChyNWRd6A57PBF9oEG72MUWgEWwNCAzMfZs8B	ticket#273	Try next time
ChXNFhuChyNWRd6A57PBF9oEG72MUWgEWwNCAzMfZs8B	ticket#274	cowboy winner
ChXNFhuChyNWRd6A57PBF9oEG72MUWgEWwNCAzMfZs8B	ticket#275	Try next time
ChXNFhuChyNWRd6A57PBF9oEG72MUWgEWwNCAzMfZs8B	ticket#276	cowgirl winner
ChXNFhuChyNWRd6A57PBF9oEG72MUWgEWwNCAzMfZs8B	ticket#277	cowgirl winner
ChXNFhuChyNWRd6A57PBF9oEG72MUWgEWwNCAzMfZs8B	ticket#278	Try next time
ChXNFhuChyNWRd6A57PBF9oEG72MUWgEWwNCAzMfZs8B	ticket#279	Try next time
D1edWTy6HpzjG5Potu6yKo5HUoJtwCYC9tQvovaWGp3d	ticket#280	cowgirl winner
D1edWTy6HpzjG5Potu6yKo5HUoJtwCYC9tQvovaWGp3d	ticket#281	cowgirl winner
D1edWTy6HpzjG5Potu6yKo5HUoJtwCYC9tQvovaWGp3d	ticket#282	Try next time
D1edWTy6HpzjG5Potu6yKo5HUoJtwCYC9tQvovaWGp3d	ticket#283	cowgirl winner
D67xZzBoqCCNySov2zRWfkGWqerTfWEfhw4Cqwh83fki	ticket#284	Try next time
DFi6xytTWN1z1CoVXknGx5JaxjyNR2TGvh9irB5CP8L6	ticket#285	Try next time
DFi6xytTWN1z1CoVXknGx5JaxjyNR2TGvh9irB5CP8L6	ticket#286	cowgirl winner
DLmB4xWKUGXJu8NkQkXU4AcA8Dzfowtud2sn81HvMGnE	ticket#287	cowboy winner
DSMkxar6m1wAGACJJeJHRmu4uyMwaqn6iJ2XP6jLAJa9	ticket#288	Try next time
DSMkxar6m1wAGACJJeJHRmu4uyMwaqn6iJ2XP6jLAJa9	ticket#289	cowgirl winner
DSMkxar6m1wAGACJJeJHRmu4uyMwaqn6iJ2XP6jLAJa9	ticket#290	Try next time
DaB4Bwgun5p47cEXwBRXHPc7AMPsF7fkNW8F5JkAAbWV	ticket#291	Try next time
DpK4PJ5w9qZj5swTQExdg8eU2Ga8gQX4jYd3QxY8s6F5	ticket#292	sol_01 winner
DpK4PJ5w9qZj5swTQExdg8eU2Ga8gQX4jYd3QxY8s6F5	ticket#293	Try next time
DpK4PJ5w9qZj5swTQExdg8eU2Ga8gQX4jYd3QxY8s6F5	ticket#294	Try next time
DpK4PJ5w9qZj5swTQExdg8eU2Ga8gQX4jYd3QxY8s6F5	ticket#295	cowgirl winner
DpK4PJ5w9qZj5swTQExdg8eU2Ga8gQX4jYd3QxY8s6F5	ticket#296	cowgirl winner
DpK4PJ5w9qZj5swTQExdg8eU2Ga8gQX4jYd3QxY8s6F5	ticket#297	cowgirl winner
DpK4PJ5w9qZj5swTQExdg8eU2Ga8gQX4jYd3QxY8s6F5	ticket#298	cowgirl winner
DpK4PJ5w9qZj5swTQExdg8eU2Ga8gQX4jYd3QxY8s6F5	ticket#299	cowgirl winner
DpK4PJ5w9qZj5swTQExdg8eU2Ga8gQX4jYd3QxY8s6F5	ticket#300	Try next time
DpK4PJ5w9qZj5swTQExdg8eU2Ga8gQX4jYd3QxY8s6F5	ticket#301	cowgirl winner
DpK4PJ5w9qZj5swTQExdg8eU2Ga8gQX4jYd3QxY8s6F5	ticket#302	Try next time
DpK4PJ5w9qZj5swTQExdg8eU2Ga8gQX4jYd3QxY8s6F5	ticket#303	Try next time
DpK4PJ5w9qZj5swTQExdg8eU2Ga8gQX4jYd3QxY8s6F5	ticket#304	Try next time
DpK4PJ5w9qZj5swTQExdg8eU2Ga8gQX4jYd3QxY8s6F5	ticket#305	cowgirl winner
DpK4PJ5w9qZj5swTQExdg8eU2Ga8gQX4jYd3QxY8s6F5	ticket#306	cowgirl winner
DpK4PJ5w9qZj5swTQExdg8eU2Ga8gQX4jYd3QxY8s6F5	ticket#307	Try next time
DpK4PJ5w9qZj5swTQExdg8eU2Ga8gQX4jYd3QxY8s6F5	ticket#308	Try next time
DpK4PJ5w9qZj5swTQExdg8eU2Ga8gQX4jYd3QxY8s6F5	ticket#309	Try next time
E3C1JyBD4Sin5yUqLJQXAKvWTXULPBFtbmoKggBxPQEo	ticket#310	sol_025 winner
E3C1JyBD4Sin5yUqLJQXAKvWTXULPBFtbmoKggBxPQEo	ticket#311	Try next time
E3C1JyBD4Sin5yUqLJQXAKvWTXULPBFtbmoKggBxPQEo	ticket#312	cowgirl winner
ECdzsiriDQ9JsfemkosufzaPg7sTChMid7WtRqrFGHSC	ticket#313	Try next time
EPmiVZBDmNEa2F889jXczeAUCXaL4sYHVq4DKqBbHH1k	ticket#314	cowgirl winner
ESUyTdWQfAVyMU99hhtxkgGoYN88iKyyALhiynEymptf	ticket#315	Try next time
ESUyTdWQfAVyMU99hhtxkgGoYN88iKyyALhiynEymptf	ticket#316	Try next time
ESUyTdWQfAVyMU99hhtxkgGoYN88iKyyALhiynEymptf	ticket#317	cowgirl winner
EeLc3qQBvgNz9dCd8WoH9afwGghaJ3JyyxxkaB9RMmeg	ticket#318	sol_025 winner
EeLc3qQBvgNz9dCd8WoH9afwGghaJ3JyyxxkaB9RMmeg	ticket#319	Try next time
EeLc3qQBvgNz9dCd8WoH9afwGghaJ3JyyxxkaB9RMmeg	ticket#320	cowgirl winner
EeLc3qQBvgNz9dCd8WoH9afwGghaJ3JyyxxkaB9RMmeg	ticket#321	sol_025 winner
EeLc3qQBvgNz9dCd8WoH9afwGghaJ3JyyxxkaB9RMmeg	ticket#322	cowgirl winner
EeLc3qQBvgNz9dCd8WoH9afwGghaJ3JyyxxkaB9RMmeg	ticket#323	cowgirl winner
EeLc3qQBvgNz9dCd8WoH9afwGghaJ3JyyxxkaB9RMmeg	ticket#324	cowgirl winner
EeLc3qQBvgNz9dCd8WoH9afwGghaJ3JyyxxkaB9RMmeg	ticket#325	cowgirl winner
EeLc3qQBvgNz9dCd8WoH9afwGghaJ3JyyxxkaB9RMmeg	ticket#326	cowgirl winner
EeLc3qQBvgNz9dCd8WoH9afwGghaJ3JyyxxkaB9RMmeg	ticket#327	cowgirl winner
EeLc3qQBvgNz9dCd8WoH9afwGghaJ3JyyxxkaB9RMmeg	ticket#328	Try next time
EeLc3qQBvgNz9dCd8WoH9afwGghaJ3JyyxxkaB9RMmeg	ticket#329	sol_01 winner
EeLc3qQBvgNz9dCd8WoH9afwGghaJ3JyyxxkaB9RMmeg	ticket#330	cowgirl winner
EeLc3qQBvgNz9dCd8WoH9afwGghaJ3JyyxxkaB9RMmeg	ticket#331	cowgirl winner
EfU6SDj87objYcEqSrPNKUczJBpDMBzq5jUFEtShvZbM	ticket#332	cowgirl winner
EfU6SDj87objYcEqSrPNKUczJBpDMBzq5jUFEtShvZbM	ticket#333	sol_01 winner
EkTZ4CkvhrrMVan9qEcW5c71E3W1VXWdnbtptsqYhb6h	ticket#334	Try next time
EkTZ4CkvhrrMVan9qEcW5c71E3W1VXWdnbtptsqYhb6h	ticket#335	cowgirl winner
EkTZ4CkvhrrMVan9qEcW5c71E3W1VXWdnbtptsqYhb6h	ticket#336	cowgirl winner
EkTZ4CkvhrrMVan9qEcW5c71E3W1VXWdnbtptsqYhb6h	ticket#337	cowgirl winner
EkTZ4CkvhrrMVan9qEcW5c71E3W1VXWdnbtptsqYhb6h	ticket#338	Try next time
EkTZ4CkvhrrMVan9qEcW5c71E3W1VXWdnbtptsqYhb6h	ticket#339	sol_01 winner
EkTZ4CkvhrrMVan9qEcW5c71E3W1VXWdnbtptsqYhb6h	ticket#340	cowgirl winner
EkTZ4CkvhrrMVan9qEcW5c71E3W1VXWdnbtptsqYhb6h	ticket#341	cowgirl winner
EkTZ4CkvhrrMVan9qEcW5c71E3W1VXWdnbtptsqYhb6h	ticket#342	Try next time
ExZCH3qfaEHV9nzxpef1BQ1F46ePKQwZ9hSWGXU9u7AG	ticket#343	Try next time
EyfqLhH5RHWASqfDojsVdAZC1xhpvM4zJvTqotf12GdT	ticket#344	cowgirl winner
Eyj9m8WG9R26zVE7icvcNohLp1XnK68S7SpgtVSMYC3d	ticket#345	cowgirl winner
Eyj9m8WG9R26zVE7icvcNohLp1XnK68S7SpgtVSMYC3d	ticket#346	sol_01 winner
Eyj9m8WG9R26zVE7icvcNohLp1XnK68S7SpgtVSMYC3d	ticket#347	Try next time
Eyj9m8WG9R26zVE7icvcNohLp1XnK68S7SpgtVSMYC3d	ticket#348	cowboy winner
Eyj9m8WG9R26zVE7icvcNohLp1XnK68S7SpgtVSMYC3d	ticket#349	cowgirl winner
Eyj9m8WG9R26zVE7icvcNohLp1XnK68S7SpgtVSMYC3d	ticket#350	cowgirl winner
Eyj9m8WG9R26zVE7icvcNohLp1XnK68S7SpgtVSMYC3d	ticket#351	cowgirl winner
Eyj9m8WG9R26zVE7icvcNohLp1XnK68S7SpgtVSMYC3d	ticket#352	sol_025 winner
Eyj9m8WG9R26zVE7icvcNohLp1XnK68S7SpgtVSMYC3d	ticket#353	Try next time
EyuPuUa3T5vA1ryGLBikJRaVrH7m78DConSBJLqCs1yx	ticket#354	cowgirl winner
EyuPuUa3T5vA1ryGLBikJRaVrH7m78DConSBJLqCs1yx	ticket#355	cowgirl winner
EyuPuUa3T5vA1ryGLBikJRaVrH7m78DConSBJLqCs1yx	ticket#356	Try next time
EyuPuUa3T5vA1ryGLBikJRaVrH7m78DConSBJLqCs1yx	ticket#357	cowgirl winner
EyuPuUa3T5vA1ryGLBikJRaVrH7m78DConSBJLqCs1yx	ticket#358	cowgirl winner
EyuPuUa3T5vA1ryGLBikJRaVrH7m78DConSBJLqCs1yx	ticket#359	Try next time
EyuPuUa3T5vA1ryGLBikJRaVrH7m78DConSBJLqCs1yx	ticket#360	cowgirl winner
EyuPuUa3T5vA1ryGLBikJRaVrH7m78DConSBJLqCs1yx	ticket#361	Try next time
EyuPuUa3T5vA1ryGLBikJRaVrH7m78DConSBJLqCs1yx	ticket#362	cowgirl winner
F1Hwjqjht3iYjC873FZ1XmgoVcuxGgGJycbm3TPrFrsV	ticket#363	Try next time
F1Hwjqjht3iYjC873FZ1XmgoVcuxGgGJycbm3TPrFrsV	ticket#364	Try next time
F1Hwjqjht3iYjC873FZ1XmgoVcuxGgGJycbm3TPrFrsV	ticket#365	cowgirl winner
FSdEYSTYuwPnwGtWCLpp4fbaHJjvmb8RfSQyreZKqqUP	ticket#366	Try next time
GJ196VeTyCNBmMUG3MfZuLUBQqWjYhRvyE1oRgasp5ZN	ticket#367	Try next time
GJ196VeTyCNBmMUG3MfZuLUBQqWjYhRvyE1oRgasp5ZN	ticket#368	Try next time
GKkDsUusCie1u5xnbwwTidN2f3K4WarXuxF24D2NwtBK	ticket#369	Try next time
GdqYsSEETk2h4FU7FzsFPWAfRvKAA4NWkUETmVYgmqoJ	ticket#370	Try next time
GgRfmWgLy1niVwdZBxiq2TBKmCtZ8wVJMJzydCBvcAKv	ticket#371	cowgirl winner
GgRfmWgLy1niVwdZBxiq2TBKmCtZ8wVJMJzydCBvcAKv	ticket#372	cowgirl winner
GoWFf4jdDiLagrAfKwdw8D2autnioDGHrCv9px81g13t	ticket#373	Try next time
GoWFf4jdDiLagrAfKwdw8D2autnioDGHrCv9px81g13t	ticket#374	Try next time
GokAXVEqJaRzZT27L4fpHsRhRU1tLCDN25L6AbjjCN8L	ticket#375	cowgirl winner
GokAXVEqJaRzZT27L4fpHsRhRU1tLCDN25L6AbjjCN8L	ticket#376	sol_025 winner
GokAXVEqJaRzZT27L4fpHsRhRU1tLCDN25L6AbjjCN8L	ticket#377	cowgirl winner
GokAXVEqJaRzZT27L4fpHsRhRU1tLCDN25L6AbjjCN8L	ticket#378	cowgirl winner
GokAXVEqJaRzZT27L4fpHsRhRU1tLCDN25L6AbjjCN8L	ticket#379	cowgirl winner
GokAXVEqJaRzZT27L4fpHsRhRU1tLCDN25L6AbjjCN8L	ticket#380	cowgirl winner
GokAXVEqJaRzZT27L4fpHsRhRU1tLCDN25L6AbjjCN8L	ticket#381	cowgirl winner
GokAXVEqJaRzZT27L4fpHsRhRU1tLCDN25L6AbjjCN8L	ticket#382	cowgirl winner
J9Y3GkQEmawREEaPNnW5jGypRcMZkkV85xZ8oDbxLaTf	ticket#383	cowgirl winner
J9Y3GkQEmawREEaPNnW5jGypRcMZkkV85xZ8oDbxLaTf	ticket#384	cowgirl winner
J9Y3GkQEmawREEaPNnW5jGypRcMZkkV85xZ8oDbxLaTf	ticket#385	cowgirl winner
J9Y3GkQEmawREEaPNnW5jGypRcMZkkV85xZ8oDbxLaTf	ticket#386	cowgirl winner
J9Y3GkQEmawREEaPNnW5jGypRcMZkkV85xZ8oDbxLaTf	ticket#387	Try next time
J9Y3GkQEmawREEaPNnW5jGypRcMZkkV85xZ8oDbxLaTf	ticket#388	Try next time
J9Y3GkQEmawREEaPNnW5jGypRcMZkkV85xZ8oDbxLaTf	ticket#389	Try next time
J9Y3GkQEmawREEaPNnW5jGypRcMZkkV85xZ8oDbxLaTf	ticket#390	cowgirl winner
J9Y3GkQEmawREEaPNnW5jGypRcMZkkV85xZ8oDbxLaTf	ticket#391	Try next time
J9Y3GkQEmawREEaPNnW5jGypRcMZkkV85xZ8oDbxLaTf	ticket#392	cowgirl winner
J9Y3GkQEmawREEaPNnW5jGypRcMZkkV85xZ8oDbxLaTf	ticket#393	Try next time
J9Y3GkQEmawREEaPNnW5jGypRcMZkkV85xZ8oDbxLaTf	ticket#394	cowgirl winner
J9Y3GkQEmawREEaPNnW5jGypRcMZkkV85xZ8oDbxLaTf	ticket#395	cowgirl winner
J9Y3GkQEmawREEaPNnW5jGypRcMZkkV85xZ8oDbxLaTf	ticket#396	cowgirl winner
J9Y3GkQEmawREEaPNnW5jGypRcMZkkV85xZ8oDbxLaTf	ticket#397	Try next time
J9Y3GkQEmawREEaPNnW5jGypRcMZkkV85xZ8oDbxLaTf	ticket#398	cowgirl winner
J9Y3GkQEmawREEaPNnW5jGypRcMZkkV85xZ8oDbxLaTf	ticket#399	cowgirl winner
J9Y3GkQEmawREEaPNnW5jGypRcMZkkV85xZ8oDbxLaTf	ticket#400	Try next time
J9Y3GkQEmawREEaPNnW5jGypRcMZkkV85xZ8oDbxLaTf	ticket#401	cowgirl winner
J9Y3GkQEmawREEaPNnW5jGypRcMZkkV85xZ8oDbxLaTf	ticket#402	Try next time
J9Y3GkQEmawREEaPNnW5jGypRcMZkkV85xZ8oDbxLaTf	ticket#403	cowboy winner
J9Y3GkQEmawREEaPNnW5jGypRcMZkkV85xZ8oDbxLaTf	ticket#404	cowgirl winner
J9Y3GkQEmawREEaPNnW5jGypRcMZkkV85xZ8oDbxLaTf	ticket#405	Try next time
JD3xgSUHFucWPNjcBigBS3KDmYqNR55ynDNn5X8Sx4iP	ticket#406	Try next time
JD3xgSUHFucWPNjcBigBS3KDmYqNR55ynDNn5X8Sx4iP	ticket#407	cowgirl winner
JD3xgSUHFucWPNjcBigBS3KDmYqNR55ynDNn5X8Sx4iP	ticket#408	sol_025 winner
JD3xgSUHFucWPNjcBigBS3KDmYqNR55ynDNn5X8Sx4iP	ticket#409	sol_05 winner
JD3xgSUHFucWPNjcBigBS3KDmYqNR55ynDNn5X8Sx4iP	ticket#410	Try next time
JD3xgSUHFucWPNjcBigBS3KDmYqNR55ynDNn5X8Sx4iP	ticket#411	cowgirl winner
JD3xgSUHFucWPNjcBigBS3KDmYqNR55ynDNn5X8Sx4iP	ticket#412	Try next time
JD3xgSUHFucWPNjcBigBS3KDmYqNR55ynDNn5X8Sx4iP	ticket#413	cowgirl winner
JD3xgSUHFucWPNjcBigBS3KDmYqNR55ynDNn5X8Sx4iP	ticket#414	Try next time
JD3xgSUHFucWPNjcBigBS3KDmYqNR55ynDNn5X8Sx4iP	ticket#415	cowgirl winner
JD3xgSUHFucWPNjcBigBS3KDmYqNR55ynDNn5X8Sx4iP	ticket#416	cowgirl winner
RCXtWdNWQnHwBubsuEGh9w4ZsmWqa4XUPyZVuEZYKhh	ticket#417	cowgirl winner
YZJ4nCdAum44Th2GPreCiZLaFKYkQtz6Hwvig5Eiq9p	ticket#418	cowgirl winner
YZJ4nCdAum44Th2GPreCiZLaFKYkQtz6Hwvig5Eiq9p	ticket#419	Try next time
YZJ4nCdAum44Th2GPreCiZLaFKYkQtz6Hwvig5Eiq9p	ticket#420	cowgirl winner
YZJ4nCdAum44Th2GPreCiZLaFKYkQtz6Hwvig5Eiq9p	ticket#421	Try next time
